use game_company;

/*****************************************************/

INSERT INTO `coupon` (id, id_coupon_type, quantity, number_uses, remaining_uses, date_create_coupon, is_active) VALUES 
('1', '1', '5', '300', '300', '2020-02-03 10:30:00', '1'),
('2', '1', '10', '100', '100', '2020-02-03 10:30:00', '1'),
('3', '2', '20', '200', '200', '2020-02-03 10:30:00', '1');

/*****************************************************/

INSERT INTO `coupon_type` (id, coupon_type) VALUES 
('1', 'Total'),
('2', 'Percentage');

/*****************************************************/

INSERT INTO `employee_experience` (id, name_employee_experience) VALUES 
('1','Junior'),
('2','Middle'),
('3','Senior'),
('4','More Senior');

/*****************************************************/

INSERT INTO `employee_type` (id, name_employee_type) VALUES 
('1','Game Programmer'),
('2','3D Generalist'),
('3','Level Designer'),
('4','Art Director');

/*****************************************************/

INSERT INTO `game` (id, title_game, id_genre, publish_date, on_sale, description, id_image_cover, created_at, updated_at) VALUES 
('1','BloodSouls', 1, '2020-02-05 10:30:00', 1, 'Description Game', NULL, '2020-01-05 10:30:00','2020-01-05 10:30:00'),
('2','Grand Theft Souls', 2, '2020-03-10 10:30:00', 1, 'Description Game', NULL, '2020-03-10 10:30:00','2020-03-10 10:30:00º'),
('3','Grand Theft Souls 2', 2, '2021-04-05 10:30:00', 1, 'Description Game', NULL, '2021-04-05 10:30:00','2021-04-05 10:30:00'),
('4','Call of Battle', 3, '2022-04-05 10:30:00', 1, 'Description Game', NULL, '2022-04-05 10:30:00','2022-04-05 10:30:00'),
('5','Silent Evil', 4, '2023-08-05 10:30:00', 0, 'Description Game', NULL, '2023-08-05 10:30:00','2023-08-05 10:30:00');


/*****************************************************/

INSERT INTO `game_genre` (id, game_genre) VALUES 
('1','SoulsLike'),
('2','Open World'),
('3','First Person Shooter'),
('4','Survival Horror');


/*****************************************************/

INSERT INTO `game_platform` (id, id_game, id_platform, publish_date, is_publish) VALUES 
('1','1','1','2020-02-05 10:30:00','1'),
('2','1','2','2020-03-10 10:30:00','1'),

('3','2','1','2021-04-05 10:30:00','1'),
('4','2','2','2021-04-05 10:30:00','1'),
('5','2','3','2021-04-05 10:30:00','1'),
('6','2','4','2021-04-05 10:30:00','1'),

('7','3','1','2022-04-05 10:30:00','1'),
('8','3','2','2022-04-05 10:30:00','1'),
('9','3','3','2022-04-05 10:30:00','1'),

('10','4','1','2022-04-05 10:30:00','1'),
('11','4','2','2022-04-05 10:30:00','1'),

('12','5','4','2023-04-05 10:30:00','0');


/*****************************************************/

INSERT INTO `platform` (id, name_platform, abbreviation) VALUES 
('1','PC Steam','Steam'),
('2','PC Epic game','EG'),
('3','PlayStation 5','PS5'),
('4','Nintendo Switch','Switch');

/*****************************************************/

INSERT INTO `user_type` (id, name_user_type) VALUES 
('1','Customer'),
('2','Employee'),
('3','Administrator');

/*****************************************************/

INSERT INTO `country` (`id`, `country_code`, `country_name`) VALUES
(null, 'AF', 'Afghanistan'),
(null, 'AL', 'Albania'),
(null, 'DZ', 'Algeria'),
(null, 'DS', 'American Samoa'),
(null, 'AD', 'Andorra'),
(null, 'AO', 'Angola'),
(null, 'AI', 'Anguilla'),
(null, 'AQ', 'Antarctica'),
(null, 'AG', 'Antigua and Barbuda'),
(null, 'AR', 'Argentina'),
(null, 'AM', 'Armenia'),
(null, 'AW', 'Aruba'),
(null, 'AU', 'Australia'),
(null, 'AT', 'Austria'),
(null, 'AZ', 'Azerbaijan'),
(null, 'BS', 'Bahamas'),
(null, 'BH', 'Bahrain'),
(null, 'BD', 'Bangladesh'),
(null, 'BB', 'Barbados'),
(null, 'BY', 'Belarus'),
(null, 'BE', 'Belgium'),
(null, 'BZ', 'Belize'),
(null, 'BJ', 'Benin'),
(null, 'BM', 'Bermuda'),
(null, 'BT', 'Bhutan'),
(null, 'BO', 'Bolivia'),
(null, 'BA', 'Bosnia and Herzegovina'),
(null, 'BW', 'Botswana'),
(null, 'BV', 'Bouvet Island'),
(null, 'BR', 'Brazil'),
(null, 'IO', 'British Indian Ocean Territory'),
(null, 'BN', 'Brunei Darussalam'),
(null, 'BG', 'Bulgaria'),
(null, 'BF', 'Burkina Faso'),
(null, 'BI', 'Burundi'),
(null, 'KH', 'Cambodia'),
(null, 'CM', 'Cameroon'),
(null, 'CA', 'Canada'),
(null, 'CV', 'Cape Verde'),
(null, 'KY', 'Cayman Islands'),
(null, 'CF', 'Central African Republic'),
(null, 'TD', 'Chad'),
(null, 'CL', 'Chile'),
(null, 'CN', 'China'),
(null, 'CX', 'Christmas Island'),
(null, 'CC', 'Cocos (Keeling) Islands'),
(null, 'CO', 'Colombia'),
(null, 'KM', 'Comoros'),
(null, 'CD', 'Democratic Republic of the Congo'),
(null, 'CG', 'Republic of the Congo'),
(null, 'CK', 'Cook Islands'),
(null, 'CR', 'Costa Rica'),
(null, 'HR', 'Croatia (Hrvatska)'),
(null, 'CU', 'Cuba'),
(null, 'CY', 'Cyprus'),
(null, 'CZ', 'Czech Republic'),
(null, 'DK', 'Denmark'),
(null, 'DJ', 'Djibouti'),
(null, 'DM', 'Dominica'),
(null, 'DO', 'Dominican Republic'),
(null, 'TP', 'East Timor'),
(null, 'EC', 'Ecuador'),
(null, 'EG', 'Egypt'),
(null, 'SV', 'El Salvador'),
(null, 'GQ', 'Equatorial Guinea'),
(null, 'ER', 'Eritrea'),
(null, 'EE', 'Estonia'),
(null, 'ET', 'Ethiopia'),
(null, 'FK', 'Falkland Islands (Malvinas)'),
(null, 'FO', 'Faroe Islands'),
(null, 'FJ', 'Fiji'),
(null, 'FI', 'Finland'),
(null, 'FR', 'France'),
(null, 'FX', 'France, Metropolitan'),
(null, 'GF', 'French Guiana'),
(null, 'PF', 'French Polynesia'),
(null, 'TF', 'French Southern Territories'),
(null, 'GA', 'Gabon'),
(null, 'GM', 'Gambia'),
(null, 'GE', 'Georgia'),
(null, 'DE', 'Germany'),
(null, 'GH', 'Ghana'),
(null, 'GI', 'Gibraltar'),
(null, 'GK', 'Guernsey'),
(null, 'GR', 'Greece'),
(null, 'GL', 'Greenland'),
(null, 'GD', 'Grenada'),
(null, 'GP', 'Guadeloupe'),
(null, 'GU', 'Guam'),
(null, 'GT', 'Guatemala'),
(null, 'GN', 'Guinea'),
(null, 'GW', 'Guinea-Bissau'),
(null, 'GY', 'Guyana'),
(null, 'HT', 'Haiti'),
(null, 'HM', 'Heard and Mc Donald Islands'),
(null, 'HN', 'Honduras'),
(null, 'HK', 'Hong Kong'),
(null, 'HU', 'Hungary'),
(null, 'IS', 'Iceland'),
(null, 'IN', 'India'),
(null, 'IM', 'Isle of Man'),
(null, 'ID', 'Indonesia'),
(null, 'IR', 'Iran (Islamic Republic of)'),
(null, 'IQ', 'Iraq'),
(null, 'IE', 'Ireland'),
(null, 'IL', 'Israel'),
(null, 'IT', 'Italy'),
(null, 'CI', 'Ivory Coast'),
(null, 'JE', 'Jersey'),
(null, 'JM', 'Jamaica'),
(null, 'JP', 'Japan'),
(null, 'JO', 'Jordan'),
(null, 'KZ', 'Kazakhstan'),
(null, 'KE', 'Kenya'),
(null, 'KI', 'Kiribati'),
(null, 'KP', 'Korea, Democratic People''s Republic of'),
(null, 'KR', 'Korea, Republic of'),
(null, 'XK', 'Kosovo'),
(null, 'KW', 'Kuwait'),
(null, 'KG', 'Kyrgyzstan'),
(null, 'LA', 'Lao People''s Democratic Republic'),
(null, 'LV', 'Latvia'),
(null, 'LB', 'Lebanon'),
(null, 'LS', 'Lesotho'),
(null, 'LR', 'Liberia'),
(null, 'LY', 'Libyan Arab Jamahiriya'),
(null, 'LI', 'Liechtenstein'),
(null, 'LT', 'Lithuania'),
(null, 'LU', 'Luxembourg'),
(null, 'MO', 'Macau'),
(null, 'MK', 'North Macedonia'),
(null, 'MG', 'Madagascar'),
(null, 'MW', 'Malawi'),
(null, 'MY', 'Malaysia'),
(null, 'MV', 'Maldives'),
(null, 'ML', 'Mali'),
(null, 'MT', 'Malta'),
(null, 'MH', 'Marshall Islands'),
(null, 'MQ', 'Martinique'),
(null, 'MR', 'Mauritania'),
(null, 'MU', 'Mauritius'),
(null, 'TY', 'Mayotte'),
(null, 'MX', 'Mexico'),
(null, 'FM', 'Micronesia, Federated States of'),
(null, 'MD', 'Moldova, Republic of'),
(null, 'MC', 'Monaco'),
(null, 'MN', 'Mongolia'),
(null, 'ME', 'Montenegro'),
(null, 'MS', 'Montserrat'),
(null, 'MA', 'Morocco'),
(null, 'MZ', 'Mozambique'),
(null, 'MM', 'Myanmar'),
(null, 'NA', 'Namibia'),
(null, 'NR', 'Nauru'),
(null, 'NP', 'Nepal'),
(null, 'NL', 'Netherlands'),
(null, 'AN', 'Netherlands Antilles'),
(null, 'NC', 'New Caledonia'),
(null, 'NZ', 'New Zealand'),
(null, 'NI', 'Nicaragua'),
(null, 'NE', 'Niger'),
(null, 'NG', 'Nigeria'),
(null, 'NU', 'Niue'),
(null, 'NF', 'Norfolk Island'),
(null, 'MP', 'Northern Mariana Islands'),
(null, 'NO', 'Norway'),
(null, 'OM', 'Oman'),
(null, 'PK', 'Pakistan'),
(null, 'PW', 'Palau'),
(null, 'PS', 'Palestine'),
(null, 'PA', 'Panama'),
(null, 'PG', 'Papua New Guinea'),
(null, 'PY', 'Paraguay'),
(null, 'PE', 'Peru'),
(null, 'PH', 'Philippines'),
(null, 'PN', 'Pitcairn'),
(null, 'PL', 'Poland'),
(null, 'PT', 'Portugal'),
(null, 'PR', 'Puerto Rico'),
(null, 'QA', 'Qatar'),
(null, 'RE', 'Reunion'),
(null, 'RO', 'Romania'),
(null, 'RU', 'Russian Federation'),
(null, 'RW', 'Rwanda'),
(null, 'KN', 'Saint Kitts and Nevis'),
(null, 'LC', 'Saint Lucia'),
(null, 'VC', 'Saint Vincent and the Grenadines'),
(null, 'WS', 'Samoa'),
(null, 'SM', 'San Marino'),
(null, 'ST', 'Sao Tome and Principe'),
(null, 'SA', 'Saudi Arabia'),
(null, 'SN', 'Senegal'),
(null, 'RS', 'Serbia'),
(null, 'SC', 'Seychelles'),
(null, 'SL', 'Sierra Leone'),
(null, 'SG', 'Singapore'),
(null, 'SK', 'Slovakia'),
(null, 'SI', 'Slovenia'),
(null, 'SB', 'Solomon Islands'),
(null, 'SO', 'Somalia'),
(null, 'ZA', 'South Africa'),
(null, 'GS', 'South Georgia South Sandwich Islands'),
(null, 'SS', 'South Sudan'),						    
(null, 'ES', 'Spain'),
(null, 'LK', 'Sri Lanka'),
(null, 'SH', 'St. Helena'),
(null, 'PM', 'St. Pierre and Miquelon'),
(null, 'SD', 'Sudan'),
(null, 'SR', 'Suriname'),
(null, 'SJ', 'Svalbard and Jan Mayen Islands'),
(null, 'SZ', 'Eswatini'),
(null, 'SE', 'Sweden'),
(null, 'CH', 'Switzerland'),
(null, 'SY', 'Syrian Arab Republic'),
(null, 'TW', 'Taiwan'),
(null, 'TJ', 'Tajikistan'),
(null, 'TZ', 'Tanzania, United Republic of'),
(null, 'TH', 'Thailand'),
(null, 'TG', 'Togo'),
(null, 'TK', 'Tokelau'),
(null, 'TO', 'Tonga'),
(null, 'TT', 'Trinidad and Tobago'),
(null, 'TN', 'Tunisia'),
(null, 'TR', 'Turkey'),
(null, 'TM', 'Turkmenistan'),
(null, 'TC', 'Turks and Caicos Islands'),
(null, 'TV', 'Tuvalu'),
(null, 'UG', 'Uganda'),
(null, 'UA', 'Ukraine'),
(null, 'AE', 'United Arab Emirates'),
(null, 'GB', 'United Kingdom'),
(null, 'US', 'United States'),
(null, 'UM', 'United States minor outlying islands'),
(null, 'UY', 'Uruguay'),
(null, 'UZ', 'Uzbekistan'),
(null, 'VU', 'Vanuatu'),
(null, 'VA', 'Vatican City State'),
(null, 'VE', 'Venezuela'),
(null, 'VN', 'Vietnam'),
(null, 'VG', 'Virgin Islands (British)'),
(null, 'VI', 'Virgin Islands (U.S.)'),
(null, 'WF', 'Wallis and Futuna Islands'),
(null, 'EH', 'Western Sahara'),
(null, 'YE', 'Yemen'),
(null, 'ZM', 'Zambia'),
(null, 'ZW', 'Zimbabwe');



/*****************************************************/


INSERT INTO `user` (`id`, `user_name`, `user_surname`, `user_email`, `user_pass`, `id_user_type`, `user_status`, `newsletter`, `created_at`, `updated_at`, `deleted_at`) VALUES
(1, 'Alex', 'Luján', 'admin@example.org', '$P$Bo8QRaCpH/sehcUNs4Ay24tsZ7sO2T/', 3, 1, 0, '2021-06-07 01:31:12', '2021-06-07 01:31:12', NULL),
(2, 'reilly.otis', 'omnis', 'kaleigh96@example.org', '$P$Bo8QRaCpH/sehcUNs4Ay24tsZ7sO2T/', 1, 1, 0, '2020-03-08 19:32:20', '2020-03-08 19:32:20', NULL),
(3, 'ddare', 'quidem', 'mclaughlin.lila@example.com', '$P$Bo8QRaCpH/sehcUNs4Ay24tsZ7sO2T/', 1, 1, 1, '2020-11-25 01:49:37', '2020-11-25 01:49:37', NULL),
(4, 'gislason.lexus', 'veniam', 'jboyle@example.com', '$P$Bo8QRaCpH/sehcUNs4Ay24tsZ7sO2T/', 1, 1, 0, '2022-01-09 01:55:09', '2022-01-09 01:55:09', NULL),
(5, 'fanny30', 'qui', 'pamela.johnston@example.org', '$P$Bo8QRaCpH/sehcUNs4Ay24tsZ7sO2T/', 1, 1, 0, '2022-01-16 09:35:57', '2022-01-16 09:35:57', NULL),
(6, 'kling.jayda', 'voluptas', 'urice@example.net', '$P$Bo8QRaCpH/sehcUNs4Ay24tsZ7sO2T/', 1, 1, 0, '2020-08-19 10:02:49', '2020-08-19 10:02:49', NULL),
(7, 'hunter37', 'ullam', 'retha23@example.org', '$P$Bo8QRaCpH/sehcUNs4Ay24tsZ7sO2T/', 1, 1, 1, '2020-04-06 10:04:31', '2020-04-06 10:04:31', NULL),
(8, 'price.quentin', 'quia', 'towne.russel@example.net', '$P$Bo8QRaCpH/sehcUNs4Ay24tsZ7sO2T/', 1, 1, 0, '2021-08-12 01:27:29', '2021-08-12 01:27:29', NULL),
(9, 'stokes.ned', 'dolorum', 'connor04@example.net', '$P$Bo8QRaCpH/sehcUNs4Ay24tsZ7sO2T/', 1, 1, 0, '2021-08-29 06:48:22', '2021-08-29 06:48:22', NULL),
(10, 'sconnelly', 'nisi', 'wfeil@example.com', '$P$Bo8QRaCpH/sehcUNs4Ay24tsZ7sO2T/', 1, 1, 0, '2022-01-23 18:24:09', '2022-01-23 18:24:09', NULL),
(11, 'heathcote.malvina', 'aut', 'kianna29@example.net', '$P$Bo8QRaCpH/sehcUNs4Ay24tsZ7sO2T/', 1, 1, 0, '2021-05-28 18:19:22', '2021-05-28 18:19:22', NULL),
(12, 'sofia17', 'doloremque', 'gherzog@example.org', '$P$Bo8QRaCpH/sehcUNs4Ay24tsZ7sO2T/', 1, 1, 1, '2022-01-19 09:57:53', '2022-01-19 09:57:53', NULL),
(13, 'jillian05', 'dolor', 'eldon.bode@example.org', '$P$Bo8QRaCpH/sehcUNs4Ay24tsZ7sO2T/', 1, 1, 1, '2020-12-01 04:39:32', '2020-12-01 04:39:32', NULL),
(14, 'gerhard25', 'culpa', 'fermin42@example.net', '$P$Bo8QRaCpH/sehcUNs4Ay24tsZ7sO2T/', 1, 1, 1, '2020-07-10 15:33:16', '2020-07-10 15:33:16', NULL),
(15, 'iokuneva', 'et', 'goodwin.ed@example.org', '$P$Bo8QRaCpH/sehcUNs4Ay24tsZ7sO2T/', 1, 1, 1, '2022-06-22 11:24:27', '2022-06-22 11:24:27', NULL),
(16, 'maida.marquardt', 'fugit', 'kshlerin.katlyn@example.com', '$P$Bo8QRaCpH/sehcUNs4Ay24tsZ7sO2T/', 1, 1, 1, '2020-11-08 04:17:25', '2020-11-08 04:17:25', NULL),
(17, 'garrison.ortiz', 'ab', 'charles83@example.org', '$P$Bo8QRaCpH/sehcUNs4Ay24tsZ7sO2T/', 1, 1, 1, '2020-12-29 04:57:30', '2020-12-29 04:57:30', NULL),
(18, 'hammes.sven', 'excepturi', 'eloy.rath@example.com', '$P$Bo8QRaCpH/sehcUNs4Ay24tsZ7sO2T/', 1, 1, 1, '2020-09-02 20:48:23', '2020-09-02 20:48:23', NULL),
(19, 'wuckert.candice', 'totam', 'prohaska.madonna@example.net', '$P$Bo8QRaCpH/sehcUNs4Ay24tsZ7sO2T/', 1, 1, 1, '2020-06-01 23:45:53', '2020-06-01 23:45:53', NULL),
(20, 'janelle42', 'velit', 'uconroy@example.net', '$P$Bo8QRaCpH/sehcUNs4Ay24tsZ7sO2T/', 1, 1, 1, '2022-02-19 08:29:56', '2022-02-19 08:29:56', NULL),
(21, 'art30', 'voluptas', 'michael.sawayn@example.com', '$P$Bo8QRaCpH/sehcUNs4Ay24tsZ7sO2T/', 1, 1, 1, '2020-08-02 12:39:54', '2020-08-02 12:39:54', NULL),
(22, 'ftillman', 'temporibus', 'harris.lenny@example.org', '$P$Bo8QRaCpH/sehcUNs4Ay24tsZ7sO2T/', 1, 1, 1, '2022-05-16 03:17:49', '2022-05-16 03:17:49', NULL),
(23, 'zelma.schneider', 'explicabo', 'pmante@example.org', '$P$Bo8QRaCpH/sehcUNs4Ay24tsZ7sO2T/', 1, 1, 1, '2020-05-25 20:04:12', '2020-05-25 20:04:12', NULL),
(24, 'bcole', 'dignissimos', 'etillman@example.org', '$P$Bo8QRaCpH/sehcUNs4Ay24tsZ7sO2T/', 1, 1, 1, '2022-03-14 12:19:14', '2022-03-14 12:19:14', NULL),
(25, 'ymedhurst', 'iure', 'nicolas.mose@example.org', '$P$Bo8QRaCpH/sehcUNs4Ay24tsZ7sO2T/', 1, 1, 1, '2020-03-22 21:15:28', '2020-03-22 21:15:28', NULL),
(26, 'rosina.erdman', 'aspernatur', 'xander97@example.org', '$P$Bo8QRaCpH/sehcUNs4Ay24tsZ7sO2T/', 1, 1, 1, '2021-11-30 05:15:11', '2021-11-30 05:15:11', NULL),
(27, 'murphy.candida', 'laboriosam', 'qabbott@example.net', '$P$Bo8QRaCpH/sehcUNs4Ay24tsZ7sO2T/', 1, 1, 1, '2020-11-02 19:35:16', '2020-11-02 19:35:16', NULL),
(28, 'kutch.krystel', 'nesciunt', 'kunze.henri@example.org', '$P$Bo8QRaCpH/sehcUNs4Ay24tsZ7sO2T/', 1, 1, 1, '2020-10-03 18:29:39', '2020-10-03 18:29:39', NULL),
(29, 'cstokes', 'sit', 'nash22@example.com', '$P$Bo8QRaCpH/sehcUNs4Ay24tsZ7sO2T/', 1, 1, 1, '2022-02-28 14:19:31', '2022-02-28 14:19:31', NULL),
(30, 'wherzog', 'earum', 'carolanne41@example.net', '$P$Bo8QRaCpH/sehcUNs4Ay24tsZ7sO2T/', 1, 1, 0, '2021-12-11 08:02:49', '2021-12-11 08:02:49', NULL),
(31, 'benedict95', 'aliquam', 'charlie45@example.net', '$P$Bo8QRaCpH/sehcUNs4Ay24tsZ7sO2T/', 1, 1, 1, '2020-11-30 10:43:34', '2020-11-30 10:43:34', NULL),
(32, 'ipadberg', 'dolores', 'liana.lebsack@example.net', '$P$Bo8QRaCpH/sehcUNs4Ay24tsZ7sO2T/', 1, 1, 0, '2022-02-02 03:55:20', '2022-02-02 03:55:20', NULL),
(33, 'schmidt.augusta', 'a', 'mmiller@example.com', '$P$Bo8QRaCpH/sehcUNs4Ay24tsZ7sO2T/', 1, 1, 0, '2021-08-01 05:22:24', '2021-08-01 05:22:24', NULL),
(34, 'zthiel', 'et', 'jacey.block@example.net', '$P$Bo8QRaCpH/sehcUNs4Ay24tsZ7sO2T/', 1, 1, 0, '2022-04-17 13:26:59', '2022-04-17 13:26:59', NULL),
(35, 'arvel02', 'minima', 'felix.o\'connell@example.org', '$P$Bo8QRaCpH/sehcUNs4Ay24tsZ7sO2T/', 1, 1, 0, '2020-04-03 18:48:42', '2020-04-03 18:48:42', NULL),
(36, 'aletha.weissnat', 'rerum', 'gerlach.mayra@example.net', '$P$Bo8QRaCpH/sehcUNs4Ay24tsZ7sO2T/', 1, 1, 1, '2021-06-07 01:35:11', '2021-06-07 01:35:11', NULL),
(37, 'mreinger', 'adipisci', 'price.bailey@example.net', '$P$Bo8QRaCpH/sehcUNs4Ay24tsZ7sO2T/', 1, 1, 0, '2020-04-16 08:03:29', '2020-04-16 08:03:29', NULL),
(38, 'jboyer', 'perferendis', 'damian86@example.org', '$P$Bo8QRaCpH/sehcUNs4Ay24tsZ7sO2T/', 1, 1, 0, '2022-01-02 02:37:04', '2022-01-02 02:37:04', NULL),
(39, 'toy.rene', 'dolores', 'graham.tomas@example.com', '$P$Bo8QRaCpH/sehcUNs4Ay24tsZ7sO2T/', 1, 1, 1, '2020-04-06 07:35:18', '2020-04-06 07:35:18', NULL),
(40, 'qbayer', 'ea', 'koepp.chandler@example.com', '$P$Bo8QRaCpH/sehcUNs4Ay24tsZ7sO2T/', 1, 1, 1, '2021-09-14 12:35:25', '2021-09-14 12:35:25', NULL),
(41, 'alexis61', 'ex', 'giles.tromp@example.org', '$P$Bo8QRaCpH/sehcUNs4Ay24tsZ7sO2T/', 1, 1, 1, '2021-08-06 10:29:55', '2021-08-06 10:29:55', NULL),
(42, 'mankunding', 'rerum', 'wbergnaum@example.com', '$P$Bo8QRaCpH/sehcUNs4Ay24tsZ7sO2T/', 1, 1, 0, '2020-08-05 08:22:03', '2020-08-05 08:22:03', NULL),
(43, 'do\'reilly', 'est', 'nicolette04@example.com', '$P$Bo8QRaCpH/sehcUNs4Ay24tsZ7sO2T/', 1, 1, 0, '2022-02-16 03:03:56', '2022-02-16 03:03:56', NULL),
(44, 'bradly.morissette', 'omnis', 'orlando76@example.com', '$P$Bo8QRaCpH/sehcUNs4Ay24tsZ7sO2T/', 1, 1, 0, '2022-01-19 19:56:22', '2022-01-19 19:56:22', NULL),
(45, 'gregorio99', 'eaque', 'stacy12@example.net', '$P$Bo8QRaCpH/sehcUNs4Ay24tsZ7sO2T/', 1, 1, 0, '2021-07-04 19:11:50', '2021-07-04 19:11:50', NULL),
(46, 'fay50', 'blanditiis', 'mbayer@example.org', '$P$Bo8QRaCpH/sehcUNs4Ay24tsZ7sO2T/', 1, 1, 1, '2020-05-28 08:56:47', '2020-05-28 08:56:47', NULL),
(47, 'skiles.guadalupe', 'laborum', 'ahermiston@example.com', '$P$Bo8QRaCpH/sehcUNs4Ay24tsZ7sO2T/', 1, 1, 0, '2020-11-24 11:37:29', '2020-11-24 11:37:29', NULL),
(48, 'tcremin', 'autem', 'nolan.moses@example.com', '$P$Bo8QRaCpH/sehcUNs4Ay24tsZ7sO2T/', 1, 1, 1, '2021-11-27 08:41:44', '2021-11-27 08:41:44', NULL),
(49, 'delta.schamberger', 'vero', 'ahmad33@example.org', '$P$Bo8QRaCpH/sehcUNs4Ay24tsZ7sO2T/', 1, 1, 0, '2021-10-18 20:49:00', '2021-10-18 20:49:00', NULL),
(50, 'gutkowski.tristin', 'aut', 'paufderhar@example.net', '$P$Bo8QRaCpH/sehcUNs4Ay24tsZ7sO2T/', 1, 1, 1, '2021-04-19 13:30:25', '2021-04-19 13:30:25', NULL),
(51, 'qconsidine', 'illo', 'grover34@example.com', '$P$Bo8QRaCpH/sehcUNs4Ay24tsZ7sO2T/', 1, 1, 0, '2020-03-29 09:34:38', '2020-03-29 09:34:38', NULL),
(52, 'fcrona', 'est', 'bradtke.mellie@example.net', '$P$Bo8QRaCpH/sehcUNs4Ay24tsZ7sO2T/', 1, 1, 0, '2020-09-20 18:53:41', '2020-09-20 18:53:41', NULL),
(53, 'vsimonis', 'beatae', 'rutherford.freida@example.org', '$P$Bo8QRaCpH/sehcUNs4Ay24tsZ7sO2T/', 1, 1, 0, '2022-03-23 04:54:28', '2022-03-23 04:54:28', NULL),
(54, 'agustina24', 'quasi', 'laney.konopelski@example.org', '$P$Bo8QRaCpH/sehcUNs4Ay24tsZ7sO2T/', 1, 1, 0, '2020-06-07 01:45:31', '2020-06-07 01:45:31', NULL),
(55, 'mpfeffer', 'quis', 'renee30@example.com', '$P$Bo8QRaCpH/sehcUNs4Ay24tsZ7sO2T/', 1, 1, 0, '2022-03-20 09:23:00', '2022-03-20 09:23:00', NULL),
(56, 'nolan.green', 'rerum', 'tbeer@example.net', '$P$Bo8QRaCpH/sehcUNs4Ay24tsZ7sO2T/', 1, 1, 1, '2021-06-09 22:46:35', '2021-06-09 22:46:35', NULL),
(57, 'hortense60', 'quia', 'pdurgan@example.org', '$P$Bo8QRaCpH/sehcUNs4Ay24tsZ7sO2T/', 1, 1, 1, '2022-04-22 13:04:19', '2022-04-22 13:04:19', NULL),
(58, 'jennie.schuster', 'ipsam', 'hsmith@example.net', '$P$Bo8QRaCpH/sehcUNs4Ay24tsZ7sO2T/', 1, 1, 1, '2021-08-22 10:13:20', '2021-08-22 10:13:20', NULL),
(59, 'sadye64', 'maiores', 'enrique80@example.org', '$P$Bo8QRaCpH/sehcUNs4Ay24tsZ7sO2T/', 1, 1, 0, '2021-12-04 07:13:13', '2021-12-04 07:13:13', NULL),
(60, 'rodolfo.weber', 'placeat', 'abeer@example.net', '$P$Bo8QRaCpH/sehcUNs4Ay24tsZ7sO2T/', 1, 1, 1, '2020-02-29 14:11:37', '2020-02-29 14:11:37', NULL),
(61, 'franecki.adell', 'tempore', 'keeling.katrina@example.com', '$P$Bo8QRaCpH/sehcUNs4Ay24tsZ7sO2T/', 1, 1, 0, '2020-04-23 22:06:29', '2020-04-23 22:06:29', NULL),
(62, 'pattie.kutch', 'provident', 'cjones@example.com', '$P$Bo8QRaCpH/sehcUNs4Ay24tsZ7sO2T/', 1, 1, 0, '2021-05-21 14:43:29', '2021-05-21 14:43:29', NULL),
(63, 'queenie15', 'ea', 'keeling.brianne@example.com', '$P$Bo8QRaCpH/sehcUNs4Ay24tsZ7sO2T/', 1, 1, 1, '2022-04-05 09:04:53', '2022-04-05 09:04:53', NULL),
(64, 'violet.kessler', 'autem', 'norval80@example.org', '$P$Bo8QRaCpH/sehcUNs4Ay24tsZ7sO2T/', 1, 1, 0, '2020-10-20 14:10:08', '2020-10-20 14:10:08', NULL),
(65, 'lexie.douglas', 'illum', 'mills.shana@example.org', '$P$Bo8QRaCpH/sehcUNs4Ay24tsZ7sO2T/', 1, 1, 0, '2022-04-07 05:46:58', '2022-04-07 05:46:58', NULL),
(66, 'alexie.kuhn', 'dicta', 'braun.robert@example.com', '$P$Bo8QRaCpH/sehcUNs4Ay24tsZ7sO2T/', 1, 1, 0, '2022-03-11 04:50:23', '2022-03-11 04:50:23', NULL),
(67, 'terry.frami', 'aut', 'obie.rosenbaum@example.com', '$P$Bo8QRaCpH/sehcUNs4Ay24tsZ7sO2T/', 1, 1, 1, '2020-07-07 16:46:15', '2020-07-07 16:46:15', NULL),
(68, 'eduardo.herzog', 'debitis', 'jwaelchi@example.org', '$P$Bo8QRaCpH/sehcUNs4Ay24tsZ7sO2T/', 1, 1, 0, '2021-03-26 19:29:40', '2021-03-26 19:29:40', NULL),
(69, 'ikutch', 'tempora', 'nstanton@example.com', '$P$Bo8QRaCpH/sehcUNs4Ay24tsZ7sO2T/', 1, 1, 1, '2022-01-26 18:58:24', '2022-01-26 18:58:24', NULL),
(70, 'gia82', 'commodi', 'kiana.hayes@example.net', '$P$Bo8QRaCpH/sehcUNs4Ay24tsZ7sO2T/', 1, 1, 1, '2020-04-18 17:57:26', '2020-04-18 17:57:26', NULL),
(71, 'mwindler', 'magni', 'herzog.marielle@example.com', '$P$Bo8QRaCpH/sehcUNs4Ay24tsZ7sO2T/', 1, 1, 1, '2020-11-12 17:21:20', '2020-11-12 17:21:20', NULL),
(72, 'rohan.sandra', 'consequatur', 'jovan.fadel@example.net', '$P$Bo8QRaCpH/sehcUNs4Ay24tsZ7sO2T/', 1, 1, 1, '2020-11-10 04:52:08', '2020-11-10 04:52:08', NULL),
(73, 'merle.walsh', 'voluptatem', 'aimee10@example.org', '$P$Bo8QRaCpH/sehcUNs4Ay24tsZ7sO2T/', 1, 1, 0, '2020-03-16 18:43:05', '2020-03-16 18:43:05', NULL),
(74, 'evans83', 'neque', 'bode.darrell@example.net', '$P$Bo8QRaCpH/sehcUNs4Ay24tsZ7sO2T/', 1, 1, 1, '2020-10-24 13:35:43', '2020-10-24 13:35:43', NULL),
(75, 'ewell.leuschke', 'animi', 'seth82@example.net', '$P$Bo8QRaCpH/sehcUNs4Ay24tsZ7sO2T/', 1, 1, 1, '2020-03-19 11:37:09', '2020-03-19 11:37:09', NULL),
(76, 'nicolas.ledner', 'harum', 'neha13@example.net', '$P$Bo8QRaCpH/sehcUNs4Ay24tsZ7sO2T/', 1, 1, 1, '2020-11-24 00:05:36', '2020-11-24 00:05:36', NULL),
(77, 'frederick84', 'necessitatibus', 'deckow.taylor@example.com', '$P$Bo8QRaCpH/sehcUNs4Ay24tsZ7sO2T/', 1, 1, 1, '2020-12-22 01:53:38', '2020-12-22 01:53:38', NULL),
(78, 'hilll.linnie', 'tenetur', 'howell.evelyn@example.org', '$P$Bo8QRaCpH/sehcUNs4Ay24tsZ7sO2T/', 1, 1, 0, '2021-10-23 12:50:16', '2021-10-23 12:50:16', NULL),
(79, 'gemard', 'voluptas', 'frami.lilyan@example.com', '$P$Bo8QRaCpH/sehcUNs4Ay24tsZ7sO2T/', 1, 1, 1, '2020-04-23 12:24:53', '2020-04-23 12:24:53', NULL),
(80, 'rkeeling', 'eum', 'nia05@example.net', '$P$Bo8QRaCpH/sehcUNs4Ay24tsZ7sO2T/', 1, 1, 1, '2022-03-30 03:18:50', '2022-03-30 03:18:50', NULL),
(81, 'eldred30', 'possimus', 'chasity.stoltenberg@example.net', '$P$Bo8QRaCpH/sehcUNs4Ay24tsZ7sO2T/', 1, 1, 0, '2020-03-07 03:43:03', '2020-03-07 03:43:03', NULL),
(82, 'jed80', 'cupiditate', 'mathew.bogisich@example.org', '$P$Bo8QRaCpH/sehcUNs4Ay24tsZ7sO2T/', 1, 1, 0, '2021-01-31 03:28:03', '2021-01-31 03:28:03', NULL),
(83, 'fdickinson', 'maiores', 'aliza84@example.com', '$P$Bo8QRaCpH/sehcUNs4Ay24tsZ7sO2T/', 1, 1, 1, '2022-05-03 02:49:04', '2022-05-03 02:49:04', NULL),
(84, 'hilpert.hilario', 'et', 'oprohaska@example.net', '$P$Bo8QRaCpH/sehcUNs4Ay24tsZ7sO2T/', 1, 1, 0, '2022-04-20 03:43:33', '2022-04-20 03:43:33', NULL),
(85, 'santa.walker', 'aut', 'arnold.toy@example.com', '$P$Bo8QRaCpH/sehcUNs4Ay24tsZ7sO2T/', 1, 1, 1, '2022-01-15 04:36:04', '2022-01-15 04:36:04', NULL),
(86, 'qjohnson', 'ipsam', 'sherman.windler@example.org', '$P$Bo8QRaCpH/sehcUNs4Ay24tsZ7sO2T/', 1, 1, 0, '2021-05-12 12:05:46', '2021-05-12 12:05:46', NULL),
(87, 'strosin.leonardo', 'dolorem', 'gfay@example.org', '$P$Bo8QRaCpH/sehcUNs4Ay24tsZ7sO2T/', 1, 1, 1, '2021-04-22 02:22:17', '2021-04-22 02:22:17', NULL),
(88, 'kasey84', 'vero', 'lthompson@example.com', '$P$Bo8QRaCpH/sehcUNs4Ay24tsZ7sO2T/', 1, 1, 0, '2021-01-13 01:38:45', '2021-01-13 01:38:45', NULL),
(89, 'hkuhlman', 'commodi', 'kevin93@example.net', '$P$Bo8QRaCpH/sehcUNs4Ay24tsZ7sO2T/', 1, 1, 0, '2020-12-18 00:24:26', '2020-12-18 00:24:26', NULL),
(90, 'eugenia35', 'et', 'waylon06@example.net', '$P$Bo8QRaCpH/sehcUNs4Ay24tsZ7sO2T/', 1, 1, 0, '2020-08-30 04:28:20', '2020-08-30 04:28:20', NULL),
(91, 'werner69', 'id', 'margarita12@example.net', '$P$Bo8QRaCpH/sehcUNs4Ay24tsZ7sO2T/', 1, 1, 1, '2021-12-02 19:08:28', '2021-12-02 19:08:28', NULL),
(92, 'omari38', 'cum', 'candida.treutel@example.org', '$P$Bo8QRaCpH/sehcUNs4Ay24tsZ7sO2T/', 1, 1, 0, '2020-04-12 02:39:18', '2020-04-12 02:39:18', NULL),
(93, 'okuhlman', 'ab', 'greenfelder.ahmad@example.org', '$P$Bo8QRaCpH/sehcUNs4Ay24tsZ7sO2T/', 1, 1, 0, '2021-10-19 20:07:11', '2021-10-19 20:07:11', NULL),
(94, 'adolfo82', 'quo', 'tanya16@example.com', '$P$Bo8QRaCpH/sehcUNs4Ay24tsZ7sO2T/', 1, 1, 1, '2021-12-15 17:54:25', '2021-12-15 17:54:25', NULL),
(95, 'witting.sunny', 'voluptas', 'frieda.roberts@example.net', '$P$Bo8QRaCpH/sehcUNs4Ay24tsZ7sO2T/', 1, 1, 0, '2022-02-14 23:49:40', '2022-02-14 23:49:40', NULL),
(96, 'o\'reilly.amanda', 'voluptatibus', 'oleta.abbott@example.org', '$P$Bo8QRaCpH/sehcUNs4Ay24tsZ7sO2T/', 1, 1, 1, '2021-05-02 16:19:55', '2021-05-02 16:19:55', NULL),
(97, 'dayna.waters', 'dicta', 'clemens.pagac@example.com', '$P$Bo8QRaCpH/sehcUNs4Ay24tsZ7sO2T/', 1, 1, 1, '2020-10-07 13:33:17', '2020-10-07 13:33:17', NULL),
(98, 'estevan53', 'enim', 'cwilliamson@example.org', '$P$Bo8QRaCpH/sehcUNs4Ay24tsZ7sO2T/', 1, 1, 1, '2022-05-25 09:53:42', '2022-05-25 09:53:42', NULL),
(99, 'greenholt.katrina', 'totam', 'juliana.robel@example.org', '$P$Bo8QRaCpH/sehcUNs4Ay24tsZ7sO2T/', 1, 1, 0, '2020-09-06 19:38:48', '2020-09-06 19:38:48', NULL),
(100, 'destiney06', 'voluptatibus', 'roxanne22@example.com', '$P$Bo8QRaCpH/sehcUNs4Ay24tsZ7sO2T/', 1, 1, 0, '2021-02-27 10:28:26', '2021-02-27 10:28:26', NULL),
(101, 'Super', 'Programmer', 'programmer@example.net', '', 2, 1, 0, '2019-12-01 10:30:00', '2022-08-15 21:26:49', NULL),
(102, 'Modeler', 'Good', 'modeler@example.com', '', 2, 1, 0, '2019-12-01 10:30:00', '2022-08-15 21:30:51', NULL),
(103, 'Blender', 'Notbad', 'blender@example.com', '', 2, 1, 0, '2019-12-01 10:30:00', '2022-08-15 21:32:05', NULL),
(104, 'Leveler', 'Des', 'leveler@example.com', '', 2, 1, 1, '2019-12-01 10:30:00', '2022-08-15 21:33:34', NULL),
(105, 'Arter', 'Dirq', 'arter@example.com', '', 2, 1, 0, '2022-04-05 00:00:00', '2022-08-15 21:34:01', NULL),
(106, 'Good', 'Artis', 'newaartis@example.com', '', 2, 1, 0, '2022-04-05 00:00:00', '2022-08-23 23:44:10', NULL),
(107, 'Middle', 'Programer', 'middleprogramer@example.com', '', 2, 1, 0, '2022-04-05 00:00:00', '2022-08-23 23:46:24', NULL);

/*****************************************************/

INSERT INTO `employee` (`id`, `id_user`, `id_type_employee`, `id_experience_employee`, `date_start_job`, `date_end_job`, `is_active`, `address`, `personal_phone`, `business_phone`, `id_country_birth`, `created_at`, `updated_at`) VALUES
(1, 101, 1, 4, '2022-08-15', NULL, 1, 'Street Undercity 666', '6851234897', '1274895478', 204, '2019-12-01 10:30:00', '2022-08-15 21:26:49'),
(2, 102, 2, 2, '2022-08-15', NULL, 1, 'Street Orgrimmar 101', '12323453', '1234556632', 204, '2019-12-01 10:30:00', '2022-08-15 21:30:51'),
(3, 103, 2, 3, '2022-08-15', NULL, 1, 'Street Lordaeron 205', '423423663', '234532342', 204, '2019-12-01 10:30:00', '2022-08-15 21:32:05'),
(4, 104, 3, 1, '2022-08-15', NULL, 1, 'Street Undercity 412', '23425232', '12316673443', 204, '2019-12-01 10:30:00', '2022-08-15 21:33:34'),
(5, 105, 4, 2, '2022-08-15', NULL, 1, 'Street Lordaeron 165', '234523234', '2345623423', 81, '2022-04-05 00:00:00', '2022-08-15 21:34:02'),
(6, 106, 2, 2, '2022-08-15', NULL, 1, 'Street Lordaeron 100', '45623424', '234234252342', 204, '2022-04-05 00:00:00', '2022-08-23 23:44:10'),
(7, 107, 1, 2, '2022-08-15', NULL, 1, 'Street Undercity 123', '1243234244', '12342234', 204, '2022-04-05 00:00:00', '2022-08-23 23:46:24');

/*****************************************************/

INSERT INTO `employee_participated_gamedev` (`id`, `id_game`, `id_employee`, `rol_development`, `date_start_participated`, `date_end_participated`, `months_participated`) VALUES
(1, 1, 1, 'Principal Programmer', '2019-12-01 10:30:00', '2020-02-05 00:00:00', 3),
(2, 1, 2, '3D Generalist', '2019-12-01 10:30:00', '2020-02-05 00:00:00', 3),
(3, 1, 4, 'Level Designer', '2019-12-01 10:30:00', '2020-02-05 00:00:00', 2),
(4, 2, 1, 'Principal Programmer', '2020-02-05 00:00:00', '2020-03-10 00:00:00', 3),
(5, 2, 2, '3D Generalist', '2020-02-05 00:00:00', '2020-03-10 00:00:00', 3),
(6, 2, 4, 'Level Designer', '2020-02-05 00:00:00', '2020-03-10 00:00:00', 2),
(7, 3, 1, 'Principal Programmer', '2020-03-10 10:30:00', '2021-04-05 10:30:00', 3),
(8, 3, 2, '3D Generalist', '2020-03-10 10:30:00', '2021-04-05 10:30:00', 3),
(9, 3, 4, 'Level Designer', '2020-01-05 10:30:00', '2021-04-05 10:30:00', 6),
(10, 3, 3, '3D Model', '2019-12-01 10:30:00', '2021-04-05 10:30:00', 16),
(11, 4, 1, 'Principal Programmer', '2021-04-05 00:00:00', '2022-04-05 00:00:00', 12),
(12, 4, 2, '3D Generalist', '2021-04-05 00:00:00', '2022-04-05 00:00:00', 12),
(13, 4, 4, 'Level Designer', '2021-04-05 00:00:00', '2022-04-05 00:00:00', 12),
(14, 4, 3, '3D Model', '2021-04-05 00:00:00', '2022-04-05 00:00:00', 12),
(15, 5, 1, 'Principal Programmer', '2022-04-05 00:00:00', '2023-08-05 00:00:00', 16),
(16, 5, 2, '3D Generalist', '2022-04-05 00:00:00', '2023-08-05 00:00:00', 16),
(17, 5, 4, 'Level Designer', '2022-04-05 00:00:00', '2023-08-05 00:00:00', 16),
(18, 5, 3, '3D Model', '2022-04-05 00:00:00', '2023-08-05 00:00:00', 16),
(19, 5, 4, 'Art Director', '2022-04-05 00:00:00', '2023-08-05 00:00:00', 16),
(20, 5, 6, '3D Generalist', '2022-04-05 00:00:00', '2023-08-05 00:00:00', 16),
(21, 5, 7, 'Programmer', '2022-04-05 00:00:00', '2023-08-05 00:00:00', 16);

/*****************************************************/

INSERT INTO `user_cart` (`id`, `id_user`, `id_game_platform`, `date_add`) VALUES
(1, 5, 1, '2020-02-05 10:30:00'),
(2, 8, 1, '2020-02-05 10:30:00'),
(3, 46, 1, '2020-02-05 10:30:00'),
(4, 34, 1, '2020-02-05 10:30:00'),
(5, 37, 2, '2020-02-05 10:30:00'),
(6, 77, 3, '2020-03-10 10:30:00'),
(7, 57, 4, '2020-03-10 10:30:00'),
(8, 99, 5, '2020-03-10 10:30:00'),
(9, 76, 6, '2020-03-10 10:30:00'),
(10, 63, 7, '2021-04-05 10:30:00'),
(11, 44, 8, '2021-04-05 10:30:00'),
(12, 84, 9, '2021-04-05 10:30:00'),
(13, 72, 10, '2022-04-05 10:30:00'),
(14, 58, 11, '2022-04-05 10:30:00');

/*****************************************************/

INSERT INTO `employee_salary` (`id`, `id_employee`, `actual_month`, `next_month`, `total_payed`, `is_payed_actual_month`, `is_actived_salary`) VALUES
(1, 1, 1500, 1500, 52800, 0, 1),
(2, 2, 1500, 1500, 52800, 0, 1),
(3, 3, 1500, 1500, 52800, 0, 1),
(4, 4, 1500, 1500, 52800, 0, 1),
(5, 5, 1300, 1300, 5200, 0, 1),
(6, 6, 1300, 1300, 5200, 0, 1),
(7, 7, 1300, 1300, 5200, 0, 1);
